gene,orf name
ASE1,YOR058C
CIS1,YDR022C
BCK2,YER167W
BFA1,YJR053W
BIK1,YCL029C
BIM1,YER016W
BMH1,YER177W
BUB2,YMR055C
CDH1,YGL003C
DMA1,YHR115C
DMA2,YNL116W
CIN4,YMR138W
CIN8,YEL061C
CLB1,YGR108W
CLB2,YPR119W
CLB3,YDL155W
CLB4,YLR210W
CLB5,YPR120C
CLB6,YGR109C
CLN1,YMR199W
CLN2,YPL256C
CLN3,YAL040C
CNN1,YFR046C
CSM3,YMR048W
CTF19,YPL018W
CTF3,YLR381W
DCR2,YLR361C
DDC1,YPL194W
DOC1,YGL240W
DYN1,YKR054C
ESC2,YDR363W
FAR1,YJL157C
FIN1,YDR130C
FPR3,YML074C
GRR1,YJR090C
HOP1,YIL072W
HUG1,YML058W-A
XRN1,YGL173C
KIP1,YBL063W
KIP2,YPL155C
KIP3,YGL216W
LTE1,YAL024C
MAD1,YGL086W
MAD2,YJL030W
MAD3,YJL013C
MCM16,YPR046W
MCM21,YDR318W
MCM22,YJR135C
MEC3,YLR288C
MMS4,YBR098W
MND2,YIR025W
MRC1,YCL061C
NDJ1,YOL104C
NKP1,YDR383C
NKP2,YLR315W
OPY2,YPR075C
PAC11,YDR488C
PAC1,YOR269W
PCH2,YBR186W
PCL10,YGL134W
PCL1,YNL289W
PCL2,YDL127W
PCL9,YDL179W
PHO80,YOL001W
PIN4,YBL051C
RAD17,YOR368W
RAD24,YER173W
RAD9,YDR217C
RED1,YLR263W
RMI1,YPL024W
RTS1,YOR014W
SEM1,YDR363W-A
SGS1,YMR190C
SMI1,YGR229C
SNF3,YDL194W
SPO12,YHR152W
SPO13,YHR014W
SRC1,YML034W
STE50,YCL032W
SWM1,YDR260C
TOF1,YNL273W
TOF2,YKR010C
VIK1,YPL253C
YBP2,YGL060W
ZDS1,YMR273C
ZDS2,YML109W
ADA2,YDR448W
AHC1,YOR023C
ARP5,YNL059C
ARP6,YLR085C
ARP8,YOR141C
ASF1,YJL115W
ASH1,YKL185W
BRE1,YDL074C
BRE2,YLR015W
BTT1,YDR252W
BUR2,YLR226W
RLF2,YPR018W
CAC2,YML102W
CAF120,YNL278W
CAF130,YGR134W
CAF16,YFL028C
CAF40,YNL288W
CAF4,YKR036C
CCR4,YAL021C
CDC73,YLR418C
CHD1,YER164W
CHZ1,YER030W
CPR1,YDR155C
CTI6,YPL181W
CTR9,YOL145C
DEP1,YAL013W
DLS1,YJL065C
DOT1,YDR440W
DOT6,YER088C
DPB4,YDR121W
EAF1,YDR359C
EAF3,YPR023C
EAF5,YEL018W
EAF6,YJR082C
EAF7,YNL136W
ECM5,YMR176W
ESC8,YOL017W
GCN5,YGR252W
HAT1,YPL001W
HAT2,YEL056W
HDA1,YNL021W
HDA2,YDR295C
HDA3,YPR179C
HFI1,YPL254W
HHF1,YBR009C
HHF2,YNL030W
HHT1,YBR010W
HHT2,YNL031C
HIF1,YLL022C
HIR1,YBL008W
HIR2,YOR038C
HIR3,YJR140C
HMT1,YBR034C
HOS1,YPR068C
HOS2,YGL194C
HOS4,YIL112W
HPC2,YBR215W
HST1,YOL068C
HTA2,YBL003C
HTB2,YBL002W
HTL1,YCR020W-B
HTZ1,YOL012C
IES1,YFL013C
IES2,YNL215W
IES3,YLR052W
IES4,YOR189W
IES5,YER092W
IES6,YEL044W
IOC2,YLR095C
IOC3,YFR013W
IOC4,YMR044W
ISW1,YBR245C
ISW2,YOR304W
ITC1,YGL133W
JHD1,YER051W
JHD2,YJR119C
LDB7,YBL006C
LEO1,YOR123C
LGE1,YPL055C
GAL11,YOL051W
SIN4,YNL236W
SRB5,YGR104C
MED1,YPR070W
SRB2,YHR041C
MED2,YDL005C
SOH1,YGL127C
PGD1,YGL025C
NUT1,YGL151W
CSE2,YNR010W
MSI1,YBR195C
NAP1,YKR048C
NGG1,YDR176W
NHP10,YDL002C
NOT3,YIL038C
MOT2,YER068W
NPL6,YMR091C
NTO1,YPR031W
PAF1,YBR279W
PHO23,YNL097C
RAD6,YGL058W
RCO1,YMR075W
RFM1,YOR279C
RPD3,YNL330C
RSC1,YGR056W
RSC2,YLR357W
RSC30,YHR056C
RTF1,YGL244W
RTG2,YGL252C
RTT102,YGR275W
RTT106,YNL206C
RTT109,YLL002W
RXT2,YBR095C
RXT3,YDL076C
SAP30,YMR263W
SAS2,YMR127C
SAS3,YBL052C
SAS4,YDR181C
SAS5,YOR213C
SDC1,YDR469W
SDS3,YIL084C
SET1,YHR119W
SET2,YJL168C
SET3,YKR029C
SGF11,YPL047W
SGF29,YCL010C
SGF73,YGL066W
SHG1,YBR258C
SIF2,YBR103W
SIN3,YOL004W
SIR1,YKR101W
SIR2,YDL042C
SIR3,YLR442C
SIR4,YDR227W
SNF11,YDR073W
SNF12,YNR023W
SNF2,YOR290C
SNF5,YBR289W
SNF6,YHL025W
SNT1,YCR033W
SPP1,YPL138C
SPT20,YOL148C
SPT3,YDR392W
SPT7,YBR081C
SPT8,YLR055C
CYC8,YBR112C
STB2,YMR053C
SUS1,YBR111W-A
SWC3,YAL011W
SWC5,YBR231C
SWC7,YLR385C
SWD1,YAR003W
SWD3,YBR175W
SWI3,YJL176C
SWP82,YFL049W
SWR1,YDR334W
TOD6,YBL054W
TOS4,YLR183C
TUP1,YCR084C
UBP8,YMR223W
UME1,YPL139C
VPS71,YML041C
VPS72,YDR485C
VPS75,YNL246W
YAF9,YNL107W
YKU70,YMR284W
YKU80,YMR106C
YNG1,YOR064C
APN1,YKL114C
APN2,YBL019W
BDF2,YDL070W
CHL1,YPL008W
CKB1,YGL019W
CKB2,YOR039W
CTF18,YMR078C
CTF4,YPR135W
CTF8,YHR191C
DCC1,YCL016C
DDR48,YMR173W
DEF1,YKL054C
DIN7,YDR263C
DNL4,YOR005C
DOA1,YKL213C
DPB3,YBR278W
ELG1,YOR144C
EST1,YLR233C
EST2,YLR318W
EST3,YIL009C-A
EXO1,YOR033C
FOB1,YDR110W
HAM1,YJR069C
HCS1,YKL017C
HNT3,YOR258W
SRS2,YJL092W
LIF1,YGL090W
MAG1,YER142C
MET18,YIL128W
MGS1,YNL218W
MGT1,YDL200C
MIP1,YOR330C
MPH1,YIR002C
MSH5,YDL154W
MUM2,YBR057C
MUS81,YDR386W
NEJ1,YLR265C
NTG1,YAL015C
NTG2,YOL043C
PAN3,YKL025C
PAP2,YOL115W
PHR1,YOR386W
PIF1,YML061C
PLM2,YDR501W
POL32,YJR043C
POL4,YCR014C
PSO2,YMR137C
PSY2,YNL201C
PSY3,YLR376C
RAD14,YMR201C
RAD26,YJR035W
RAD27,YKL113C
RAD28,YDR030C
RAD30,YDR419W
RAD33,YML011C
RAD34,YDR314C
RAD4,YER162C
RAD54,YGL163C
RAD59,YDL059C
REV1,YOR346W
REV3,YPL167C
RIF2,YLR453C
RIM1,YCR028C-A
RNH201,YNL072W
RNH202,YDR279W
RNH203,YLR154C
RNR4,YGR180C
RPB9,YGL070C
RRD1,YIL153W
RRM3,YHR031C
SAE2,YGL175C
SHU1,YHL006C
SLX1,YBR228W
SLX4,YLR135W
SML1,YML058W
SPT4,YGR063C
TDP1,YBR223C
TFB5,YDR079C-A
TLC1,TLC1
TOP1,YOL006C
TPP1,YMR156C
TRF5,YNL299W
TRX1,YLR043C
SAW1,YAL027W
YNK1,YKL067W
ABF2,YMR072W
ACA1,YER045C
ACE2,YLR131C
ADR1,YDR216W
AFT1,YGL071W
AFT2,YPL202C
ARG80,YMR042W
ARG81,YML099C
ARO80,YDR421W
ARR1,YPR199C
ASG1,YIL130W
AZF1,YOR113W
BAS1,YKR099W
CAD1,YDR423C
CAT8,YMR280C
CBF1,YJR060W
CHA4,YLR098C
CIN5,YOR028C
CRZ1,YNL027W
CST6,YIL036W
CUP2,YGL166W
CUP9,YPL177C
DAL80,YKR034W
DAL81,YIR023W
DAL82,YNL314W
DAT1,YML113W
ECM22,YLR228C
ECM23,YPL021W
EDS1,YBR033W
ERT1,YBR239C
FKH1,YIL131C
FKH2,YNL068C
FZF1,YGL254W
GAL4,YPL248C
GAT1,YFL021W
GAT2,YMR136W
GAT3,YLR013W
GAT4,YIR013C
GCN4,YEL009C
GIS1,YDR096W
GLN3,YER040W
GSM1,YJL103C
GZF3,YJL110C
HAA1,YPR008W
HAC1,YFL031W
HAL9,YOL089C
HAP1,YLR256W
HAP2,YGL237C
HAP3,YBL021C
HAP5,YOR358W
HCM1,YCR065W
HMO1,YDR174W
HMS1,YOR032C
HXK2,YGL253W
INO2,YDR123C
INO4,YOL108C
IXR1,YKL032C
LEE1,YPL054W
LEU3,YLR451W
LYS14,YDR034C
MAC1,YMR021C
MAL13,YGR288W
MAL33,YBR297W
MBF1,YOR298C-A
MBP1,YDL056W
MET28,YIR017C
MET31,YPL038W
MET32,YDR253C
MGA1,YGR249W
MIG1,YGL035C
MIG2,YGL209W
MIG3,YER028C
MOT3,YMR070W
MSN2,YMR037C
MSN4,YKL062W
MSS11,YMR164C
NDT80,YHR124W
NHP6A,YPR052C
NHP6B,YBR089C-A
NRG1,YDR043C
NRG2,YBR066C
OAF1,YAL051W
OAF3,YKR064W
PDR1,YGL013C
PDR3,YBL005W
PDR8,YLR266C
PEP7,YDR323C
PHD1,YKL043W
PHO2,YDL106C
PHO4,YFR034C
PIP2,YOR363C
PPR1,YLR014C
PUT3,YKL015W
RDR1,YOR380W
RDS1,YCR106W
RDS2,YPL133C
RFX1,YLR176C
RGM1,YMR182C
RGT1,YKL038W
RIM101,YHL027W
RLM1,YPL089C
RME1,YGR044C
ROX1,YPR065W
RPH1,YER169W
RPI1,YIL119C
RPN4,YDL020C
RSF2,YJR127C
RTG1,YOL067C
RTG3,YBL103C
SEF1,YBL066C
SFL1,YOR140W
SFP1,YLR403W
SIP4,YJL089W
SKN7,YHR206W
SKO1,YNL167C
SMP1,YBR182C
SNT2,YGL131C
SOK2,YMR016C
STB3,YDR169C
STB4,YMR019W
STB5,YHR178W
STE12,YHR084W
STP1,YDR463W
STP2,YHR006W
STP3,YLR375W
STP4,YDL048C
SUM1,YDR310C
SUT1,YGL162W
SUT2,YPR009W
SWI4,YER111C
SWI5,YDR146C
TBS1,YBR150C
TEA1,YOR337W
TEC1,YBR083W
THI2,YBR240C
TOS8,YGL096W
TYE7,YOR344C
UGA3,YDL170W
UPC2,YDR213W
URC2,YDR520C
USV1,YPL230W
WAR1,YML076C
XBP1,YIL101C
YAP1,YML007W
YAP3,YHL009C
YAP5,YIR018W
YAP6,YDR259C
YAP7,YOL028C
NSI1,YDR026C
VMS1,YDR049W
HEL2,YDR266C
YER130C,YER130C
YER184C,YER184C
YFL052W,YFL052W
YGR067C,YGR067C
ENV11,YGR071C
YHP1,YDR451C
YJL206C,YJL206C
YKL222C,YKL222C
YLL054C,YLL054C
YLR278C,YLR278C
TDA9,YML081W
YNR063W,YNR063W
YOX1,YML027W
YPR013C,YPR013C
YPR015C,YPR015C
YPR022C,YPR022C
YPR196W,YPR196W
YRM1,YOR172W
YRR1,YOR162C
ZAP1,YJL056C
COS111,YBR203W
CUE2,YKL090W
CUE3,YGL110C
CUE4,YML101C
DIA1,YMR316W
DUF1,YOL087C
GEP3,YOR205C
FYV6,YNL133C
GIS3,YLR094C
HEH2,YDR458C
HPA2,YPR193C
YHR127W,YHR127W
HUR1,YGL168W
LCL3,YGL085W
LSM12,YHR121W
YCR087C-A,YCR087C-A
MAG2,YLR427W
MSC1,YML128C
MSC3,YLR219W
MSC6,YOR354C
NCE102,YPR149W
NRP1,YDL167C
PAU11,YGL261C
RCM1,YNL022C
RRT14,YIL127C
RTR2,YDR066C
SET4,YJL105W
SKP2,YNL311C
SNL1,YIL016W
SPS18,YNL204C
SRL4,YPL033C
TMA20,YER007C-A
TMA22,YJR014W
TMA46,YOR091W
TMA64,YDR117C
URN1,YPR152C
VPS13,YLL040C
YAL044W-A,YAL044W-A
YBL010C,YBL010C
YBL028C,YBL028C
YBR062C,YBR062C
YBR141C,YBR141C
YBR225W,YBR225W
EFM2,YBR271W
YBR285W,YBR285W
YCR016W,YCR016W
NUR1,YDL089W
YDR034W-B,YDR034W-B
YDR370C,YDR370C
YDR514C,YDR514C
YEL043W,YEL043W
VHR2,YER064C
YER137C,YER137C
RRT5,YFR032C
YGL082W,YGL082W
YGR021W,YGR021W
YGR250C,YGR250C
YGR283C,YGR283C
ETP1,YHL010C
YHR003C,YHR003C
YHR033W,YHR033W
RTC3,YHR087W
YHR202W,YHR202W
YIL001W,YIL001W
YIL014C-A,YIL014C-A
YIM1,YMR152W
YJL043W,YJL043W
YJL049W,YJL049W
YJR030C,YJR030C
YJR096W,YJR096W
YKL027W,YKL027W
YKL107W,YKL107W
HEL1,YKR017C
YKR023W,YKR023W
YLL032C,YLL032C
YLR143W,YLR143W
YLR271W,YLR271W
YLR296W,YLR296W
YLR352W,YLR352W
GRX8,YLR364W
YLR419W,YLR419W
GMC2,YLR445W
YLR455W,YLR455W
YML082W,YML082W
YML119W,YML119W
AIM34,YMR003W
YMR074C,YMR074C
YMR209C,YMR209C
YMR310C,YMR310C
YMR315W,YMR315W
YNL155W,YNL155W
RRG9,YNL213C
SWM2,YNR004W
AIM39,YOL053W
MHF1,YOL086W-A
RTC1,YOL138C
YOL159C,YOL159C
YOR052C,YOR052C
YOR338W,YOR338W
RGL1,YPL066W
YPL199C,YPL199C
YPL216W,YPL216W
YPL247C,YPL247C
YPL260W,YPL260W
YPR078C,YPR078C
YPR153W,YPR153W
YPR174C,YPR174C
AMA1,YGR225W
CHL4,YDR254W
CSM1,YCR086W
CSM2,YIL132C
CST9,YLR394W
DMC1,YER179W
DON1,YDR273W
HFM1,YGL251C
HOP2,YGL033W
IME1,YJR094C
IME4,YGL192W
IML3,YBR107C
KAR3,YPR141C
KAR4,YCL055W
MAM1,YER106W
MEI4,YER044C-A
MEI5,YPL121C
MER1,YNL210W
MLH1,YMR167W
MLH2,YLR035C
MLH3,YPL164C
MMS22,YLR320W
MRE11,YMR224C
MSH1,YHR120W
MSH2,YOL090W
MSH3,YCR092C
MSH6,YDR097C
PMS1,YNL082W
RAD10,YML095C
RAD1,YPL022W
RAD50,YNL250W
RAD52,YML032C
RAD55,YDR076W
RAD57,YDR004W
RDH54,YBR073W
REC102,YLR329W
REC104,YHR157W
REC107,YJR021C
REC114,YMR133W
REC8,YPR007C
RIM4,YHL024W
SLK19,YOR195W
SPO11,YHL022C
SPO22,YIL073C
SPO7,YAL009W
TGS1,YPL157W
TOP3,YLR234W
TUB3,YML124C
ZIP1,YDR285W
AIF1,YNR074C
AIM1,YAL046C
APQ12,YIL040W
ASF2,YDL197C
ATG32,YIL146C
BCS1,YDR375C
BSP1,YPR171W
BUD20,YLR074C
IBA57,YJR122W
CCE1,YKL011C
CEX1,YOR112W
CIN2,YPL241C
CLG1,YGL215W
CPR6,YLR216C
CRN1,YLR429W
CRP1,YHR146W
CYC3,YAL039C
DBP1,YPL119C
DOT5,YIL010W
DSE2,YHR143W
DSS1,YMR287C
ECM32,YER176W
ESC1,YMR219W
EUG1,YDR518W
FAP1,YNL023C
FKS3,YMR306W
FLC2,YAL053W
GBP2,YCL011C
GCN1,YGL195W
GCN20,YFR009W
GFD1,YMR255W
GIS2,YNL255C
GRX3,YDR098C
GRX4,YER174C
GTR1,YML121W
HHO1,YPL127C
HRB1,YNL004W
HRQ1,YDR291W
HSP12,YFL014W
HST2,YPL015C
IRC20,YLR247C
IRC3,YDR332W
IRC5,YFR038W
ITT1,YML068W
JNM1,YMR294W
KAR5,YMR065W
LIN1,YHR156C
MAF1,YDR005C
MAK31,YCR020C-A
MCA1,YOR197W
MEP2,YNL142W
MIP6,YHR015W
MMT1,YMR177W
MRH1,YDR033W
MRN1,YPL184C
MUC1,YIR019C
NAB6,YML117W
NAT4,YMR069W
NBP2,YDR162C
NGL1,YOL042W
NGL3,YML118W
NGR1,YBR212W
NNF2,YGR089W
NOP13,YNL175C
OCA4,YCR095C
OCA5,YHL029C
OCA6,YDR067C
PBP2,YBR233W
PCL5,YHR071W
PDR5,YOR153W
PEP4,YPL154C
PES4,YFR023W
PHO13,YDL236W
PHO81,YGR233C
PHO84,YML123C
PMD1,YER132C
PML39,YML107C
PRM3,YPL192C
PRM5,YIL117C
PTH2,YBL057C
PTR2,YKR093W
RBG2,YGR173W
RCE1,YMR274C
RIF1,YBR275C
RNH1,YMR234W
RNY1,YPL123C
RPO41,YFL036W
SAC1,YKL212W
SET6,YPL165C
SHE2,YKL130C
SIM1,YIL123W
SLF1,YDR515W
SPG5,YMR191W
SPS4,YOR313C
SRL3,YKR091W
SRO9,YCL037C
SRX1,YKL086W
SSD1,YDR293C
STB6,YKL072W
STE23,YLR389C
STI1,YOR027W
TCB3,YML072C
TEX1,YNL253W
THO1,YER063W
TRI1,YMR233W
UAF30,YOR295W
YBL055C,YBL055C
RKM3,YBR030W
YBT1,YLL048C
AIM7,YDR063W
YHB1,YGR234W
LNP1,YHR192W
YKL091C,YKL091C
YLH47,YPR125W
EIS1,YMR031C
ETT1,YOR051C
YPS1,YLR120C
YRA2,YKL214C
ASK10,YGR097W
BYE1,YKL005C
CGI121,YML036W
CRF1,YDR223W
CRT10,YOL063C
SSN8,YNL025C
DIG1,YPL049C
DIG2,YDR480W
DST1,YGL043W
ELF1,YKL160W
ELP4,YPL101W
FPR4,YLR449W
FRA2,YGL220W
FUN30,YAL019W
GAL3,YDR009W
GAL80,YML051W
GTS1,YGL181W
HAP4,YKL109W
HOS3,YPL116W
HOT1,YMR172W
ELP3,YPL086C
HPA3,YEL066W
IKI1,YHR187W
IKI3,YLR384C
KTI12,YKL110C
SRB8,YCR081W
MFT1,YML062C
MSN1,YOL116W
NRM1,YNR009W
OPI1,YHL020C
POG1,YIL122W
RTR1,YER139C
SET5,YHR207C
SFG1,YOR315W
SIP3,YNL257C
SPT21,YMR179W
SPT2,YER161C
SUB1,YMR039C
SWI6,YLR182W
THP2,YHR167W
VHR1,YIL056W
WTM1,YOR230W
WTM2,YOR229W
YTA7,YGR270W
COQ8,YGL119W
AKL1,YBR059C
ALK1,YGL021W
ALK2,YBL009W
ARK1,YNL020C
ATG1,YGL180W
BCK1,YJL095W
SSN3,YPL042C
CHK1,YBR274W
CKA1,YIL035C
CKA2,YOR061W
CKI1,YLR133W
CLA4,YNL298W
CMK1,YFR014C
CMK2,YOL016C
CTK1,YKL139W
DBF20,YPR111W
DUN1,YDL101C
EKI1,YDR147W
ELM1,YKL048C
FAB1,YFR019W
FMP48,YGR052W
FUS3,YBL016W
GCN2,YDR283C
GIN4,YDR507C
HAL5,YJL165C
HOG1,YLR113W
HRK1,YOR267C
HSL1,YKL101W
IKS1,YJL057C
IME2,YJL106W
IRE1,YHR079C
KCC4,YCL024W
KIN1,YDR122W
KIN2,YLR096W
KIN3,YAR018C
KIN4,YOR233W
KIN82,YCR091W
KKQ8,YKL168C
KNS1,YLL019C
KSP1,YHR082C
KSS1,YGR040W
LCB4,YOR171C
LCB5,YLR260W
MCK1,YNL307C
MEK1,YOR351C
MKK1,YOR231W
MKK2,YPL140C
MRK1,YDL079C
NPR1,YNL183C
PBS2,YJL128C
PHO85,YPL031C
PKH1,YDR490C
PKH3,YDR466W
PRK1,YIL095W
PRR1,YKL116C
PRR2,YDL214C
PSK1,YAL017W
PSK2,YOL045W
PTK1,YKL198C
PTK2,YJR059W
RCK1,YGL158W
RCK2,YLR248W
RIM11,YMR139W
RIM15,YFL033C
SAK1,YER129W
SAT4,YCR008W
SCY1,YGL083W
SKS1,YPL026C
SKM1,YOL113W
SKY1,YMR216C
SLT2,YHR030C
SMK1,YPR054W
SNF1,YDR477W
SPS1,YDR523C
SSK22,YCR073C
SSK2,YNR031C
STE11,YLR362W
STE20,YHL007C
STE7,YDL159W
SWE1,YJL187C
TEL1,YBL088C
TOR1,YJR066W
TOS3,YGL179C
TPK1,YJL164C
TPK2,YPL203W
TPK3,YKL166C
TWF1,YGR080W
VHS1,YDR247W
VPS15,YBR097W
YAK1,YJL141C
YPK3,YBR028C
YCK1,YHR135C
YCK2,YNL154C
YCK3,YER123W
RTK1,YDL025C
YGK3,YOL128C
PKP2,YGL059W
PKP1,YIL042C
KDX1,YKL161C
NNK1,YKL171W
YLR253W,YLR253W
TDA1,YMR291W
FPK1,YNR047W
YPK1,YKL126W
YPK2,YMR104C
YPL109C,YPL109C
FRK1,YPL141C
YPL150W,YPL150W
ENV7,YPL236C
ISR1,YPR106W
CMP2,YML057W
CNA1,YLR433C
LTP1,YPR073C
MIH1,YMR036C
MSG5,YNL053W
NEM1,YHR004C
OCA1,YNL099C
OCA2,YNL056W
PPG1,YNR032W
PPH21,YDL134C
PPH22,YDL188C
PPH3,YDR075W
PPQ1,YPL179W
PPS1,YBR276C
PPT1,YGR123C
PPZ1,YML016C
PPZ2,YDR436W
PSR1,YLL010C
PSR2,YLR019W
PTC1,YDL006W
PTC2,YER089C
PTC3,YBL056W
PTC4,YBR125C
PTC5,YOR090C
PTC7,YHR076W
PTP1,YDL230W
PTP2,YOR208W
PTP3,YER075C
SDP1,YIL113W
SIT4,YDL047W
SIW14,YNL032W
YCH1,YGR203W
YVH1,YIR026C
ALY1,YKR021W
ASM4,YDL088C
ATG13,YPR185W
ATG17,YLR423C
ATG19,YOL082W
ATG20,YDL113C
ATG21,YPL100W
ATG23,YLR431C
SNX4,YJL036W
ATG27,YJL178C
ATG29,YPL166W
ATG2,YNL242W
ATG4,YNL223W
VPS30,YPL120W
ATG8,YBL078C
ATG9,YDL149W
BMH2,YDR099W
BSD2,YBR290W
CSR2,YPR030W
DDI1,YER143W
DID4,YKL002W
EDE1,YBL047C
EGD1,YPL037C
EGD2,YHR193C
GEA1,YJR031C
GGA1,YDR358W
GGA2,YHR108W
GRH1,YDR517W
HRD3,YLR207W
HSE1,YHL002W
IMH1,YLR309C
INP52,YNL106C
IRS4,YKR019C
JEM1,YJL073W
JJJ1,YNL227C
KAP114,YGL241W
KAP120,YPL125W
KAP122,YGL016W
KAP123,YER110C
LOS1,YKL205W
MDY2,YOL111C
MLP1,YKR095W
MLP2,YIL149C
MSN5,YDR335W
MVB12,YGR206W
NUP100,YKL068W
NUP120,YKL057C
NUP133,YKR082W
NUP157,YER105C
NUP170,YBL079W
NUP188,YML103C
NUP2,YLR335W
NUP42,YDR192C
NUP53,YMR153W
NUP60,YAR002W
NVJ1,YHR195W
OSH2,YDL019C
PEP5,YMR231W
PEX22,YAL055W
PEX5,YDR244W
PIB2,YGL023C
PIL1,YGR086C
POM152,YMR129W
POM34,YLR018C
RCY1,YJL204C
RGP1,YDR137W
RIC1,YLR039C
SAC3,YDR159W
SCS2,YER120W
SEH1,YGL100W
SFB2,YNL049C
SGT2,YOR007C
SLA1,YBL007C
SNF7,YLR025W
SNF8,YPL002C
SRN2,YLR119W
SWA2,YDR320C
SWH1,YAR042W
SXM1,YDR395W
TAX4,YJL083W
THP1,YOL072W
TRE1,YPL176C
TRX2,YGR209C
VAC8,YEL013W
VAM3,YOR106W
VAM6,YDL077C
VID24,YBR105C
VPS16,YPL045W
VPS1,YKR001C
VPS24,YKL041W
VPS25,YJR102C
VPS27,YNR006W
VPS28,YPL065W
VPS36,YLR417W
VPS3,YDR495C
VPS41,YDR080W
VPS4,YPR173C
VPS8,YAL002W
VPS9,YML097C
YMR1,YJR110W
ROY1,YMR258C
YPT31,YER031C
YPT6,YLR262C
YPT7,YML001W
AIR1,YIL079C
AIR2,YDL175C
BRR1,YPR057W
BUD13,YGL174W
CDC40,YDR364C
CTH1,YDR151C
TIS11,YLR136C
CTL1,YMR180C
CUS2,YNL286W
CWC15,YDR163W
CWC21,YDR482C
CWC27,YPL064C
DBR1,YKL149C
DCS1,YLR270W
DCS2,YOR173W
DEG1,YFL001W
DHH1,YDL160C
DUS3,YLR401C
EBS1,YDR206W
ECM2,YBR065C
EDC1,YGL222C
EDC2,YER035W
EDC3,YEL015W
FIR1,YER032W
IST3,YIR005W
ISY1,YJR050W
JSN1,YJR091C
LEA1,YPL213W
LHP1,YDL051W
LRP1,YHR081W
LSM1,YJL124C
LSM6,YDR378C
LSM7,YNL147W
SSN2,YDR443C
MPP6,YNR024W
MPT5,YGL178W
MRT4,YKL009W
MSL1,YIR009W
MUD2,YKL074C
NCA2,YPR155C
NMD2,YHR077C
NMD4,YLR363C
NPL3,YDR432W
NTC20,YBR188C
PAT1,YCR077C
PBP1,YGR178C
PML1,YLR016C
PUB1,YNL016W
PUF2,YPR042C
PUF3,YLL013C
PUF4,YGL014W
PUS1,YPL212C
PUS7,YOR243C
PUS9,YDL036C
RAI1,YGL246C
RRP6,YOR001W
RTT103,YDR289C
SGN1,YIR001C
SKI2,YLR398C
SKI3,YPR189W
SKI7,YOR076C
SKI8,YGL213C
SMM1,YNR015W
SNT309,YPR101W
SQS1,YNL224C
SWT21,YNL187W
SYC1,YOR179C
SYF2,YGR129W
TAD1,YGL243W
TAN1,YGL232W
TPA1,YER049W
YGR122W,YGR122W
YME2,YMR302C
TUM1,YOR251C
ACK1,YDL203C
BCY1,YIL033C
BIT61,YJL058C
BUD6,YLR319C
SRV2,YNL138W
CNB1,YKL190W
ERF2,YLR246W
ERI1,YPL096C-A
GAL83,YER027C
GIS4,YML006C
GPA2,YER020W
GPG1,YGL121C
GPR1,YDL035C
GSP2,YOR185C
IRA1,YBR140C
IRA2,YOL081W
GPB2,YAL056W
GPB1,YOR371C
LEM3,YNL323W
MDS3,YGL197W
MF(ALPHA)1,YPL187W
MF(ALPHA)2,YGL089C
MKS1,YNL076W
MTH1,YDR277C
NPR2,YEL062W
PDE1,YGL248W
PDE2,YOR360C
PIG1,YLR273C
PLC1,YPL268W
RAM1,YDL090C
RAS1,YOR101W
RAS2,YNL098C
RDI1,YDL135C
REG1,YDR028C
RGS2,YOR107W
ROM1,YGR070W
RSF1,YMR030W
RSR1,YGR152C
RTS3,YGR161C
SAP155,YFR040W
SAP185,YJL098W
SAP190,YKR028W
SAP4,YGL229C
SCP160,YJL080C
SDC25,YLL016W
SHR5,YOL110W
SIP1,YDR422C
SIP2,YGL208W
SNF4,YGL115W
SOK1,YDR006C
SSK1,YLR006C
STD1,YOR047C
STE5,YDR103W
STM1,YLR150W
TCO89,YPL180W
TEP1,YNL128W
TIP41,YPR040W
TUS1,YLR425W
ACO1,YLR304C
ACS1,YAL054C
"ARG5,6",YER069W
ARG82,YDR173C
ARO3,YDR035W
BNA5,YLR231C
CAR2,YLR438W
CHO2,YGR157W
CPD1,YGR247W
CPT1,YNL130C
DAK1,YML070W
ERG2,YMR202W
FAA4,YMR246W
FBP1,YLR377C
FKS1,YLR342W
GAP1,YKR039W
GCR2,YNL199C
GDB1,YPR184W
GLG1,YKR058W
GLG2,YJL137C
GLK1,YCL040W
GLT1,YDL171C
GPH1,YPR160W
GPT2,YKR067W
GRX2,YDR513W
GSY1,YFR015C
GSY2,YLR258W
HMG1,YML075C
HOM2,YDR158W
HST3,YOR025W
HST4,YDR191W
HXK1,YFR053C
IDP2,YLR174W
IDP3,YNL009W
INO1,YJL153C
IPK1,YDR315C
LAP3,YNL239W
MAE1,YKL029C
MET10,YFR030W
MET13,YGL125W
MGA2,YIR033W
MHT1,YLL062C
NCL1,YBL024W
NDE1,YMR145C
NPT1,YOR209C
NTH1,YDR001C
NTH2,YBR001C
OPI3,YJR073C
PCL6,YER059W
PCL8,YPL219W
PCT1,YGR202C
PET112,YBL080C
PFK1,YGR240C
PFK26,YIL107C
PFK27,YOL136C
PFK2,YMR205C
PGM1,YKL127W
PGM2,YMR105C
PNC1,YGL037C
PUT1,YLR142W
PYC1,YGL062W
PYC2,YBR218C
QRI7,YDL104C
RGT2,YDL138W
SAM1,YLR180W
SAM3,YPL274W
SAM4,YPL273W
SER2,YGR208W
RKM4,YDR257C
SIS2,YKR072C
SLI1,YGR212W
SOL1,YNR034W
SPT23,YKL020C
STE14,YDR410C
THI3,YDL080C
THR1,YHR025W
THR4,YCR053W
TPS2,YDR074W
TPS3,YMR261C
TRM10,YOL093W
TRM1,YDR120C
TSL1,YML100W
UGA1,YGR019W
URA7,YBL039C
YAT1,YAR035W
ERC1,YHR032W
HER2,YMR293C
ZWF1,YNL241C
ARX1,YDR101C
ASC1,YMR116C
BUD21,YOR078W
BUD22,YMR014W
CGR1,YGL029W
CLU1,YMR012W
CMS1,CMS1
DBP3,YGL078C
ECM1,YAL059W
EFG1,YGR271C-A
HCR1,YLR192C
LOC1,YFR001W
LTV1,YKL143W
NEW1,YPL226W
NGL2,YMR285C
NOP12,YOL041C
NOP16,YER002W
NOP6,YDL213C
PIH1,YHR034C
PUF6,YDR496C
REH1,YLR387C
REX2,YLR059C
REX3,YLR107W
REX4,YOL080C
RNH70,YGR276C
RNP1,YLL046C
RPA12,YJR063W
RPA14,YDR156W
RPA49,YNL248C
RPL16A,YIL133C
RPL38,YLR325C
RPS0B,YLR048W
RPS21A,YKR057W
RRP8,YDR083W
RSA1,YPL193W
RSA3,YLR221C
SBP1,YHL034C
SLX9,YGR081C
SRP40,YKR092C
SSB2,YNL209W
SSF1,YHR066W
SSF2,YDR312W
TIF2,YJL138C
TIF4631,YGR162W
TIF4632,YGL049C
TMA23,YMR269W
TSR2,YLR435W
UTP30,YKR060W
TIF1,YKR059W
ACM1,YPL267W
ADD66,YKL206C
APC9,YLR102C
ASI1,YMR119W
ASI2,YNL159C
ASI3,YNL008C
ASR1,YPR093C
ATG10,YLL042C
ATG12,YBR217W
ATG16,YMR159C
ATG3,YNR007C
ATG5,YPL149W
ATG7,YHR171W
BLM10,YFL007W
BRE5,YNR051C
BRO1,YPL084W
BUL1,YMR275C
BUL2,YML111W
CDC26,YFR036W
CSI1,YMR025W
YJR084W,YJR084W
CSN9,YDR179C
CUE1,YMR264W
CUE5,YOR042W
CUL3,YGR003W
DAS1,YJL149W
DCN1,YLR128W
DER1,YBR201W
DOA4,YDR069C
DSK2,YMR276W
ECM30,YLR436C
ELA1,YNL230C
ELC1,YPL046C
ELP2,YGR200C
ELP6,YMR312W
HRD1,YOL013C
HRT3,YLR097C
HSC82,YMR186W
HSM3,YBR272C
HUB1,YNR032C-A
HUL4,YJR036C
HUL5,YGL141W
IRC25,YLR021W
MDM30,YLR368W
MFB1,YDR219C
MMS1,YPR164W
MMS2,YGL087C
MUB1,YMR100W
NAM7,YMR080C
NAS6,YGR232W
NCS2,YNL119W
NCS6,YGL211W
NFI1,YOR156C
OTU1,YFL044C
PAN2,YGL094C
PBA1,YLR199C
PCI8,YIL071C
PEP3,YLR148W
PEX10,YDR265W
PEX12,YMR026C
PEX2,YJL210W
PEX4,YGR133W
PIB1,YDR313C
POC4,YPL144W
PRE9,YGR135W
PSH1,YOL054W
RAD16,YBR114W
RAD18,YCR066W
RAD23,YEL037C
RAD5,YLR032W
RAD7,YJR052W
ULS1,YOR191W
RKR1,YMR247C
RMD5,YDR255C
RPN10,YHR200W
RPN13,YLR421C
RPN14,YGL004C
RRI1,YDL216C
RRI2,YOL117W
RTT107,YHR154W
RUB1,YDR139C
RUP1,YOR138C
SAF1,YBR280C
SAN1,YDR143C
SIZ1,YDR409W
SLX5,YDL013W
SLX8,YER116C
SSM4,YIL030C
TOM1,YDR457W
TUL1,YKL034W
UBA3,YPR066W
UBA4,YHR111W
UBC11,YOR339C
UBC12,YLR306W
UBC4,YBR082C
UBC5,YDR059C
UBC6,YER100W
UBC7,YMR022W
UBC8,YEL012W
UBI4,YLL039C
UBP10,YNL186W
UBP11,YKR098C
UBP12,YJL197W
UBP13,YBL067C
UBP14,YBR058C
UBP15,YMR304W
UBP16,YPL072W
UBP1,YDL122W
UBP2,YOR124C
UBP3,YER151C
UBP5,YER144C
UBP6,YFR010W
UBP7,YIL156W
UBP9,YER098W
UBR1,YGR184C
UBR2,YLR024C
UBS1,YBR165W
UBX2,YML013W
UBX3,YDL091C
UBX4,YMR067C
UBX5,YDR330W
UBX6,YJL048C
UBX7,YBR273C
UFD2,YDL190C
UFD4,YKL010C
UFO1,YML088W
UIP4,YPL186C
ULA1,YPL003W
UPF3,YGR072W
URE2,YNL229C
URM1,YIL008W
USA1,YML029W
VID28,YIL017C
VID30,YGL227W
WSS1,YHR134W
YDR131C,YDR131C
YDR306C,YDR306C
YLR224W,YLR224W
YOS9,YDR057W
YUH1,YJR099W
